Name,Code,Altitude,Easting,Northing,Subregion,Region
Agulleta d’en Pany,s/n,1.170,400992,4606411,Sant Jeroni,Sant Jeroni
Agulla Ajaguda,319,860,400355,4605294,Palomera,Sant Jeroni
Agulla Albert Zanini,s/n,891,399801,4605714,Faró,Sant Jeroni
Agulla Alta de la Coma dels Naps de Baixa,243,1.046,400181,4606307,Naps,Ecos
Agulla Alta de la Miranda  (Manolito García),74,1.060,398900,4607169,Bola,
Agulla Alta de Sant Joan,s/n,882,402857,4604981,Les Gorres,Magdalenes
Agulla Ausias March,s/n,839,402223,4603925,Sant Pere,Magdalenes
Agulla Baixa de Sant Joan,491,815,402909,4605050,Les Gorres,Magdalenes
Agulla Claudia,s/n,659,401245,4604773,Pollegons,Magdalenes
Agulla de Can Jorba,266,787,400152,4605197,Palomera,Sant Jeroni
Agulla de la Benedicció,s/n,846,399786,4605663,Faraó,
Agulla de la Boleta o la Desconeguda,122,1.037,399055,4607245,Centenar,Frares Encantats
Agulla de la Canal Plana,s/n,981,402438,4605757,Flautats,Sant Salvador
Agulla de la Carnavalada o dels Set,98 I 88,1.014,398751,4607091,Bola,
Agulla de la Corona de Reina,55,1.043,398796,4607130,Bola,
Agulla de la Creu,488,621,403512,4604954,Santa Cova,Magdalenes
Agulla de la Creu – cota 489,489,603,403512,4604965,Santa Cova,Magdalenes
Agulla de la Foradada o dels Apòstols,69,992,398958,4607378,Bola,
Agulla de la Mitra,560,996,402527,4605752,Flautats,Sant Salvador
Agulla de la Pastereta,s/n,810,401773,4604185,Sant Pere,Magdalenes
Agulla de la Plantació,452,957,401804,4604919,La Plantació,Magdalenes
Agulla de la Princesa,153-154,1.036,399458,4606817,Frares,Frares Encantats
Agulla de la Pulgui,474 A,870,402618,4603951,Sant Joan,Magdalenes
Agulla de la Tempestat,257,990,399990,4605859,Faraó,
Agulla de la Verge de Lourdes,s/n,960,399972,4605816,Faraó,
Agulla de l’Albert Iglesias (possible),s/n,545,402640,4603131,Boirafua,
Agulla de l’Arbret,48,1.078,398690,4607163,Saques,Agulles
Agulla de l’Avenc,320,855,400343,4605289,Palomera,Sant Jeroni
Agulla de l’Era dels Pallers,9,781,398513,4606150,Els Pallers,Agulles
Agulla de l’Era dels Pallers,10,777,398490,4606184,Els Pallers,Agulles
Agulla de l’Era dels Pallers,11,782,398517,4606123,Els Pallers,Agulles
Agulla de l’Esquelet,80,988,398683,4606987,Saques,Agulles
Agulla de l’Ocell Mort,322,831,400253,4605291,Palomera,Sant Jeroni
Agulla de Sant Benet,516,1.009,402572,4605339,Monestir o sant Benet,
Agulla de Sant Joan,490,859,402884,4605011,Les Gorres,Magdalenes
Agulla de Santa Cecília,s/n,932,401164,4606947,Serrat del Moro,
Agulla del Arítjol,s/n,837,399543,4605733,Faraó,
Agulla del camí,515,987,402726,4605508,Monestir o sant Benet,
Agulla del Capdamunt,29,1.011,398506,4606977,Saques,Agulles
Agulla del Capdemunt,s/n,960,401807,4604850,La Plantació,Magdalenes
Agulla del Capdevall,463,912,401735,4604863,La Plantació,Magdalenes
Agulla del Castell,s/n,600,399027,4605516,Roca Roja,Ecos
Agulla del coll del Serrat B,s/n,769,401342,4604605,Pollegons,Magdalenes
Agulla del Consol,550,1.065,402157,4605787,Cavall Bernat,Sant Salvador
Agulla del Gat,525-526,1.042,402519,4605340,Monestir o sant Benet,
Agulla del Germà Paulí,497,620,403597,4604774,Santa Cova,Magdalenes
Agulla del Giravolt,8,783,398520,4606102,Els Pallers,Agulles
Agulla del Guarda,s/n,1.005,402563,4605325,Monestir o sant Benet,
Agulla del Jardí,321,850,400318,4605265,Palomera,Sant Jeroni
Agulla del Llapis i  turó,562-563,1.092,402387,4605530,Monestir o sant Benet,
Agulla del Meguí,448,985,401896,4604933,La Plantació,Magdalenes
Agulla del Miracle,234,1.015,399851,4607084,Comes,Ecos
Agulla del Pas del Nap,285,873,399444,4606196,Naps,Ecos
Agulla del Pas dels Micos,287,1.100,400602,4606459,Ecos,Sant Jeroni
Agulla del Pilot,s/n,613,399387,4605123,Palomera,Sant Jeroni
Agulla del Pla dels Ocells,522,986,402165,4605299,Monestir o sant Benet,
Agulla del Rei,158,1.048,399493,4606846,Frares,Frares Encantats
Agulla del riu,s/n,634,403599,4605269,Mullapans,Sant Salvador
Agulla del Saltet,323,837,400234,4605294,Palomera,Sant Jeroni
Agulla del Senglar,s/n,801,399373,4605815,Roca Roja,Ecos
Agulla del Sol Ponent,23,977,398460,4606939,Saques,Agulles
Agulla dels Degotalls,543,800,402604,4606081,Flautats,Sant Salvador
Agulla dels Espeleòlegs,39,1.039,398523,4607081,Saques,Agulles
Agulla dels Flamencs,s/n,870,401104,4605177,Vinya Nova,Magdalenes
Agulla dels Naps de Dalt,271,897,399463,4606208,Naps,Ecos
Agulla dels Ossos,50,1.067,398712,4607166,Saques,Agulles
Agulla dels Pollegons,441,950,401620,4605071,Pollegons,Magdalenes
Agulla dels Retornats,581,840,402681,4605158,Monestir o sant Benet,
Agulla dels Tres o CNT,s/n,886,398405,4606560,Els Pallers,Agulles
Agulla d’en Markus Kamen,591,1.018,402410,4605357,Monestir o sant Benet,
Agulla d’en Passola,124,1.058,399097,4607233,Centenar,Frares Encantats
Agulla d’en Tagore,s/n,1.019,399243,4607014,Centenar,Frares Encantats
Agulla d’en Torres Homet,449,991,401855,4604877,La Plantació,Magdalenes
Agulla Despistada,569,911,402159,4606020,Cavall Bernat,Sant Salvador
Agulla dl Pont Natural de Collbató,s/n,601,402566,4603349,Boirafua,
Agulla Eliseu Climent,s/n,814,402249,4603846,Sant Pere,Magdalenes
Agulla Facil,s/n,1.066,399439,4607073,Frares,Frares Encantats
Agulla Ferran Torrent,s/n,808,402261,4603810,Sant Pere,Magdalenes
Agulla Gran de Pas de Príncep,159,1.053,399496,4606821,Frares,Frares Encantats
Agulla Ignasi Capeta,68,918,398957,4607353,Bola,
Agulla Inclinada,343,1.033,401329,4605934,Albarda,Sant Jeroni
Agulla Isabel Clara Simó,s/n,806,402260,4603827,Sant Pere,Magdalenes
Agulla Janot Martorell,s/n,835,402233,4603908,Sant Pere,Magdalenes
Agulla Jaume Mata,434,986,401895,4604766,La Plantació,Magdalenes
Agulla Joan Fuster,s/n,817,402243,4603855,Sant Pere,Magdalenes
Agulla Jordi Solé Masip (roques finals del serrat dels Pollegons),s/n,756,401255,4604883,Pollegons,Magdalenes
Agulla Lluis Estasen,207,1.209,400446,4606689,Ecos,Sant Jeroni
Agulla Mare,32,955,398599,4606925,Saques,Agulles
Agulla Migpartida,s/n,1.062,401736,4606068,Sant Antoni,Sant Jeroni
Agulla Ovidi Monllor,s/n,805,402260,4603793,Sant Pere,Magdalenes
Agulla Pelada,19-20,949,398412,4606857,Saques,Agulles
Agulla Peluda,28,972,398488,4606975,Saques,Agulles
Agulla Perduda,s/n,906,402109,4605986,Cavall Bernat,Sant Salvador
Agulla Petita,s/n,931,398406,4606830,Saques,Agulles
Agulla Podrida,49,1.045,398667,4607161,Saques,Agulles
Agulla Sens Nom,120,1.060,399077,4607195,Centenar,Frares Encantats
Agulla Vista,235,1.041,399741,4607076,Comes,Ecos
Agulla Xica de la Miranda (Petitona),73,1.084,398883,4607193,Bola,
Agulleta de l’Esglai,s/n,922,401756,4604838,La Plantació,Magdalenes
Agulleta del Serradet de Sant Jeroni,328-329,1.152,401177,4606581,Serrat del Moro,
Agulleta del Serrat del Faraó,290,985,400021,4605875,Faraó,
Agulleta dels dos Forats,s/n,880,402589,4604007,Sant Joan,Magdalenes
Agulleta i Serrat d’en Pujadé,72,765,398817,4607827,Bola,
Alta Tensión,s/n,859,403043,4604972,Santa Cova,Magdalenes
Barretina Gran,566,968,402153,4605965,Cavall Bernat,Sant Salvador
Barretina Petita,567,930,402163,4605984,Cavall Bernat,Sant Salvador
Bauma de Sant Martí,s/n,1.059,402111,4604825,Les Gorres,Magdalenes
Bauma del Penitent,s/n,943,402141,4604242,Sant Pere,Magdalenes
Boleta de Trinitats o Quarta de la Trinitats,538,1.022,402742,4605644,Flautats,Sant Salvador
Boleta dels Plecs,s/n,886,400547,4605730,Montgròs,Sant Jeroni
Bony dels Naps 3,282,851,399380,4606262,Naps,Ecos
Bonys del Nap 2,281,854,399397,4606280,Naps,Ecos
Bonys dels Naps 1,280,869,399437,4606309,Naps,Ecos
Bonys dels Naps 4,283,869,399451,4606307,Naps,Ecos
Bonys dels Naps 5,284,861,399465,4606319,Naps,Ecos
Cadireta dels Flautats,508,1.130,402576,4605677,Flautats,Sant Salvador
Cap de la Llisa,s/n,725,402212,4603536,Boirafua,
Cap del Camell,206,1.186,400621,4606683,Ecos,Sant Jeroni
Cap del Camell,317-318,1.085,400840,4605959,Sant Jeroni,Sant Jeroni
Cap del Gat – Tossal de Mullapans,587,508,403887,4605332,Mullapans,Sant Salvador
Cap d’en Calventus,166,1.002,398985,4606890,Centenar,Frares Encantats
Cara de Mico,415,1.063,402040,4605030,Bellavista,Magdalenes
Carena del Merlet del Pla dels Ocells,521,1.010,402203,4605353,Monestir o sant Benet,
Caseta del guaita,474 C,783,403477,4603938,Serrat dels Monjos,
Cavall dels Brucs,279,862,399361,4606110,Roca Roja,Ecos
Cavall Pinteta,s/n,640,403530,4605353,Mullapans,Sant Salvador
Cinglera de la cota 13,s/n,880,398426,4606529,Els Pallers,Agulles
Contrafort de la Bessona,s/n,1.001,398673,4607053,Saques,Agulles
Contrafort de la Miranda de Santa Magdalena,s/n,1.070,402094,4604585,Les Gorres,Magdalenes
Contrafort de la Momieta,s/n,1.015,402680,4605529,Monestir o sant Benet,
Contrafort de la Prenyada,513,1.056,402511,4605382,Monestir o sant Benet,
Contrafort de la Vista,s/n,933,399769,4607175,Comes,Ecos
Contrafort de l’Anec,s/n,1.052,399098,4607257,Centenar,Frares Encantats
Contrafort de l’Arítjol,729,813,399544,4605714,Faraó,
Contrafort de les Bateries,s/n,725,402577,4603591,Boirafua,
Contrafort del Bé,s/n,924,399829,4607170,Comes,Ecos
Contrafort del Miracle,s/n,931,399867,4607132,Comes,Ecos
Cota – Castell Otger (probable),s/n,587,404293,4603612,Serra Llarga,Magdalenes
Cota 102,102,1.103,399221,4607233,Centenar,Frares Encantats
Cota 103,103,1.101,399195,4607198,Centenar,Frares Encantats
Cota 104 – Agulla Bífida,104,1.101,399201,4607185,Centenar,Frares Encantats
Cota 107,107,1.092,399216,4607190,Centenar,Frares Encantats
Cota 108,108,1.087,399218,4607182,Centenar,Frares Encantats
Cota 109 – Agulla Gis-Taus,109,1.088,399223,4607171,Centenar,Frares Encantats
Cota 175,175,970,398985,4606776,Centenar,Frares Encantats
Cota 178,177-176,1.010,399002,4606852,Centenar,Frares Encantats
Cota 288,288,1.089,400595,4606470,Ecos,Sant Jeroni
Cota 407,407,1.096,402298,4604741,Les Gorres,Magdalenes
Cota 408,408,1.096,402230,4604680,Les Gorres,Magdalenes
Cota 409 (Miranda de Sant Joan o Miranda Xica),409,1.050,402126,4604546,Les Gorres,Magdalenes
Cota 410,410,1.081,402196,4605048,Les Gorres,Magdalenes
Cota 411,411,1.012,402234,4605051,Les Gorres,Magdalenes
Cota 413,413,985,402031,4605256,Les Gorres,Magdalenes
Cota 414,414,1.045,402064,4605025,Bellavista,Magdalenes
Cota 416,416,1.055,402048,4604929,La Plantació,Magdalenes
Cota 417 (Miranda del Sentinella),417,1.042,402005,4604949,La Plantació,Magdalenes
Cota 418,418,1.058,402056,4604900,La Plantació,Magdalenes
Cota 419,419,1.053,402040,4604901,La Plantació,Magdalenes
Cota 420,420,1.058,402010,4604891,La Plantació,Magdalenes
Cota 424A,424A,986,401948,4604782,La Plantació,Magdalenes
Cota 428,428,1.044,401952,4604898,La Plantació,Magdalenes
Cota 429,429,1.000,401886,4604904,La Plantació,Magdalenes
Cota 433,433,985,401909,4604784,La Plantació,Magdalenes
Cota 436 (Roca de Sant Martí),436,918,401849,4604717,La Plantació,Magdalenes
Cota 442 (serrat dels Pollegons),442,935,401568,4605039,Pollegons,Magdalenes
Cota 445 (Agulla Pastoret),445,895,401496,4604986,Pollegons,Magdalenes
Cota 446,446,886,401480,4604983,Pollegons,Magdalenes
Cota 447,447,996,401889,4604919,La Plantació,Magdalenes
Cota 450,450,965,401828,4604900,La Plantació,Magdalenes
Cota 451,451,951,401817,4604914,La Plantació,Magdalenes
Cota 453,450,983,401834,4604869,La Plantació,Magdalenes
Cota 454,455,973,401823,4604877,La Plantació,Magdalenes
Cota 455,455,964,401806,4604880,La Plantació,Magdalenes
Cota 462,462,876,401544,4604944,Pollegons,Magdalenes
Cota 462 A,462A,875,401517,4604895,Pollegons,Magdalenes
Cota 462 B,462 B,820,401319,4604676,Pollegons,Magdalenes
Cota 467 B (Artiga Alta),467B,783,401381,4604464,Pollegons,Magdalenes
Cota 471 (Els Estalvis del Porró),471,910,401734,4604762,La Plantació,Magdalenes
Cota 474,474,892,402589,4603984,Sant Joan,Magdalenes
Cota 474B,474 B,857,402721,4603814,Sant Joan,Magdalenes
Cota 493,493,927,402957,4604966,Santa Cova,Magdalenes
Cota 494,494,876,403029,4605023,Santa Cova,Magdalenes
Cota 495,495,925,402747,4605000,Les Gorres,Magdalenes
Cota 499,499,658,403933,4603956,Serra Llarga,Magdalenes
Cota 499 D,499 D,630,404160,4603853,Serra Llarga,Magdalenes
Cota 499 E,499 E,635,404160,4603864,Serra Llarga,Magdalenes
Cota 499 F,499 F,613,404229,4603822,Serra Llarga,Magdalenes
Cota 499 G – Serrat de les Garrigoses,499 G,766,402751,4603433,Boirafua,
Cota 499 I – Serrat de les Garrigoses,499 I,770,402897,4603279,Boirafua,
Cota 499C – Cap de les Canals,499 C,625,404093,4603973,Serra Llarga,Magdalenes
Cota 517,517,1.064,402325,4605439,Monestir o sant Benet,
Cota 518,518,1.066,402294,4605391,Monestir o sant Benet,
Cota 519,519,1.036,402277,4605339,Monestir o sant Benet,
Cota 540,540,995,402746,4605671,Flautats,Sant Salvador
Cota 541,541,1.003,402746,4605661,Flautats,Sant Salvador
Cota 558,558,1.044,402547,4605719,Flautats,Sant Salvador
Cota 559,559,1.021,402535,4605736,Flautats,Sant Salvador
Cota 568,568,912,402154,4606005,Cavall Bernat,Sant Salvador
Cota 571,571,905,402143,4606010,Cavall Bernat,Sant Salvador
Cota 572,572,908,402152,4606013,Cavall Bernat,Sant Salvador
Cota 574,574,1.058,402163,4605761,Cavall Bernat,Sant Salvador
Cota 590,s/n,661,403509,4605355,Mullapans,Sant Salvador
Cota 88,88,1.021,398755,4607104,Bola,
Cota 89,89,970,398753,4606989,Bola,
Cresta Plana,177-176,958,398973,4606684,Centenar,Frares Encantats
Creu de la Bauma del Penitent,s/n,939,402107,4604215,Sant Pere,Magdalenes
Eco central,246,1.180,400452,4606551,Ecos,Sant Jeroni
Eco del Mig,202,1.223,400521,4606545,Ecos,Sant Jeroni
Eco Occidental,245,1.200,400468,4606564,Ecos,Sant Jeroni
Eco petit,244,1.174,400450,4606553,Ecos,Sant Jeroni
El Barret,143,1.075,399439,4607099,Frares,Frares Encantats
El Barretet,456,972,401790,4604885,La Plantació,Magdalenes
El Bestiari Musical,s/n,684,402144,4603501,Boirafua,
El Bisbe,136,1.123,399366,4607291,Frares,Frares Encantats
el Bitllot,162,988,399435,4606681,Mranda del Príncep,
El Boletet,s/n,871,399381,4606005,Roca Roja,Ecos
El Braguer,336,1.120,4011205,4606083,Albarda,Sant Jeroni
El Broc del Setrill,91,1.000,398858,4606974,Bola,
El Càntir,335,1.068,401125,4606021,Albarda,Sant Jeroni
El Cap de Guerrer,60,974,398770,4606901,Bola,
El Caputxó d’en Semir,126,1.044,399150,4607212,Centenar,Frares Encantats
El Carbassó,42,1.032,398585,4607081,Saques,Agulles
El Cargolet,s/n,881,403021,4604974,Santa Cova,Magdalenes
El Carquinyoli,192,1.082,399206,4607238,Centenar,Frares Encantats
El Cavall Bernat,548,1.111,401892,4606112,Cavall Bernat,Sant Salvador
El Cigronet,344,1.065,401501,4605985,Albarda,Sant Jeroni
el Cilindre,239,1.096,400155,460636,Naps,Ecos
el Cor de Be,267,1.025,399781,4607093,Comes,Ecos
El Dàtil,43,999,398614,4607064,Saques,Agulles
El Dau d’Agulles,16,899,398386,4606594,Els Pallers,Agulles
El Dit,140,1.061,399380,4607087,Frares,Frares Encantats
El Dit xic,141,1.051,399362,4607082,Frares,Frares Encantats
El Ditet,179,1.040,399396,4607054,Frares,Frares Encantats
El Faraó o Roca del Mig,258,947,399883,4605751,Faraó,
El Faraonet,s/n,872,399857,4605678,Faraó,
El Fesolet,504,1.129,402507,4605611,Flautats,Sant Salvador
El Frare Gros,146,1.144,399501,4607190,Frares,Frares Encantats
El Gallaret,67,990,398967,4607330,Bola,
El Gat,s/n,763,402858,4603318,Boirafua,
El Gat Petit,s/n,1.041,402512,4605352,Monestir o sant Benet,
El Gegant Encantat,303,1.175,400897,4606404,Sant Jeroni,Sant Jeroni
El Gendarme,125,1.050,399116,4607245,Centenar,Frares Encantats
El Gendre,s/n,820,401762,4604590,La Plantació,Magdalenes
El Gep Llarg,26,978,398503,4606926,Saques,Agulles
El Gerro,1,711,398480,4605809,Els Pallers,Agulles
El Llençol,s/n,670,402139,4603466,Boirafua,
el Lloro,139,1.130,399402,4607242,Frares,Frares Encantats
El Martell,35,1.018,398558,4607048,Saques,Agulles
El Melindro,s/n,1.080,399269,4607256,Centenar,Frares Encantats
El Merlet de la Torta,76,1.035,398951,4607186,Bola,
El Montcau (Roca del Moro),331,1.206,401315,4606437,Sant Antoni,Sant Jeroni
El Morro Pla,129-112,1.088,399184,4607142,Centenar,Frares Encantats
El Musclet,274,886,399366,4605929,Roca Roja,Ecos
El Nas,184,1.067,399559,4606993,Frares,Frares Encantats
El Novici,183,1.047,399593,4607128,Frares,Frares Encantats
El Pallaso,487,632,403510,4604932,Santa Cova,Magdalenes
El Patufet,215,1.168,400452,4606329,Montgròs,Sant Jeroni
El Pebrot,533,1.069,402666,4605636,Flautats,Sant Salvador
El Pepino,171,1.046,399465,4606847,Frares,Frares Encantats
El Periquito,s/n,999,398858,4607087,Bola,
El Pinetell  (possible),s/n,576,402639,4603164,Boirafua,
El Pingüí,79,1.002,398685,4607038,Saques,Agulles
El Pito del Sereno,535,1.006,402721,4605616,Flautats,Sant Salvador
El Projectil,570,919,402166,4606035,Cavall Bernat,Sant Salvador
El Puntxonet,s/n,860,402984,4604116,Sant Miquel,Magdalenes
El Punyalet,s/n,970,398493,4606998,Saques,Agulles
El Queixal,131,1.060,399147,4607176,Centenar,Frares Encantats
El Rave,439,934,401782,4605057,Bellavista,Magdalenes
El Sabre,s/n,972,398480,4606981,Saques,Agulles
El Senatxo,33,1.008,398509,4607026,Saques,Agulles
El Sentinella,437,1.007,401943,4605066,Bellavista,Magdalenes
El Sentinelleta,s/n,1.106,400958,4606294,Sant Jeroni,Sant Jeroni
El Sereno,534,1.036,402695,4605626,Flautats,Sant Salvador
El Setrill,85,1.016,398859,4607002,Bola,
El Talp,170,1.064,399353,4607159,Frares,Frares Encantats
El Timbaler del Bruc,2,742,398562,4605807,Els Pallers,Agulles
El Tub de la Patata,172a,1.041,399380,4607143,Frares,Frares Encantats
Els Ecos (204),204,1.209,400489,4606560,Ecos,Sant Jeroni
Els Frares Encantats – El Frare Amadeu,150,1.088,399569,4607143,Frares,Frares Encantats
Els Frares Encantats – El Frare Cirili,147-148-149,1.125,399552,4607141,Frares,Frares Encantats
Els Merlets,24-25,970,398484,4606930,Saques,Agulles
Els Ous del Faraó,289,940,399927,4605786,Faraó,
Ermita de Santa Caterina,s/n,977,402190,4604474,Sant Pere,Magdalenes
Espatlla de la Vista,s/n,1.014,399705,4607139,Comes,Ecos
Esperó d’en Richard,s/n,891,403016,4604988,Santa Cova,Magdalenes
Fals Ou,s/n,870,401832,4604657,La Plantació,Magdalenes
Fals Punxó,s/n,830,401743,4604645,La Plantació,Magdalenes
Flautats – 505,505,1.130,402527,4605648,Flautats,Sant Salvador
Flautats – 506,506,1.130,402541,4605658,Flautats,Sant Salvador
Flautats – 507,507,1.135,402547,4605669,Flautats,Sant Salvador
Ganivet dels Diables,360,982,401711,4606399,Sant Antoni,Sant Jeroni
Gepa del Camell,205,1.204,400600,4606607,Ecos,Sant Jeroni
La Bandereta o Agulla Ven-Suri-Ven,37,1.032,398508,4607065,Saques,Agulles
La Barretina de Patriarques,356,1.111,401495,4606174,Sant Antoni,Sant Jeroni
La Bessona Inferior,47,1.056,398708,4607092,Saques,Agulles
La Bessona Superior,46,1.057,398685,4607084,Saques,Agulles
La Bitlla,58,1.016,398779,4607001,Bola,
La Bola de la Partió,57,1.038,398783,4607033,Bola,
La Boleta del Portell Estret,123,1.045,399065,4607256,Centenar,Frares Encantats
La Boleta Foradada,105,1.080,399260,4607258,Centenar,Frares Encantats
La Boteruda,27,983,398519,4606937,Saques,Agulles
La Boteruda del Gra,53,1.086,398808,4607197,Bola,
La Cadireta o Roca del Centellar,70,899,398890,4607482,Bola,
La Cajoleta,s/n,906,400496,4605633,Montgròs,Sant Jeroni
La Campana,438,957,401802,4605096,Bellavista,Magdalenes
La Caputxa o Agulla Vicenç Barbé,132,1.037,399064,4607087,Centenar,Frares Encantats
La Carota,536,1.046,402700,4605653,Flautats,Sant Salvador
La Cua del Bacallà o Agulla Salvat Papasseit,190,1.060,399539,4606915,Frares,Frares Encantats
La Desgraciada,337,1.154,401202,4606127,Albarda,Sant Jeroni
La Destantagada,s/n,810,398881,4605974,Mranda del Príncep,
La Doble – Cota 423,423,1.042,401980,4604856,La Plantació,Magdalenes
La Doble – cota 424,424,1.041,401967,4604824,La Plantació,Magdalenes
La Figuereta,34,1.012,398509,4607042,Saques,Agulles
La Filigrana,45,1.024,398654,4607083,Saques,Agulles
La Flama o el Didal,580,1.090,402498,4605638,Flautats,Sant Salvador
la Foca,291,951,399733,4606104,Naps,Ecos
La Geperuda,s/n,765,399518,4605790,Faraó,
La Gorra,275,876,399356,4605904,Roca Roja,Ecos
la Gorra Marinera,406,1.097,402372,4604795,Les Gorres,Magdalenes
La Granota,492,886,403029,4605015,Santa Cova,Magdalenes
La Mamella,425,1.029,401926,4604820,La Plantació,Magdalenes
La Mamelleta,426,1.031,401933,4604865,La Plantació,Magdalenes
La Mamelluda,117,1.057,399103,4607094,Centenar,Frares Encantats
La Màquina de Tren,90,956,398844,4606904,Bola,
La Miranda dels Ossos,51,1.067,398713,4607202,Saques,Agulles
La Mòmia,509,1.127,402614,4605542,Monestir o sant Benet,
La Momieta,510,1.078,402648,4605543,Monestir o sant Benet,
la Monja,138,1.143,399362,4607220,Frares,Frares Encantats
La Nana,115,1.073,399137,4607125,Centenar,Frares Encantats
La Nina,106,1.082,399283,4607238,Centenar,Frares Encantats
La Nineta,537,1.036,402715,4605650,Flautats,Sant Salvador
La Palangana,38,1.035,398510,4607089,Saques,Agulles
La Panxa del Bisbe,520,1.047,402261,4605310,Monestir o sant Benet,
La Panxeta,52,1.068,398782,4607179,Bola,
La Patata,172,1.050,399386,4607154,Frares,Frares Encantats
La Pera,s/n,1.111,401098,4606686,Serrat del Moro,
La Petitona,75,1.051,398788,4607216,Bola,
La Petxina,305,1.110,400787,4606584,Sant Jeroni,Sant Jeroni
La Pilota,390,1.042,400818,4606445,Sant Jeroni,Sant Jeroni
La Porra,530,1.105,402574,4605697,Flautats,Sant Salvador
La Proa (Roca Vella),261,838,399309,4605841,Roca Roja,Ecos
La Puça,s/n,673,402181,4603452,Boirafua,
La Punxa,531,1.096,402574,4605707,Flautats,Sant Salvador
La Rampa de l’Esfinx,252,1.101,400323,4606058,Montgròs,Sant Jeroni
La Reina,56,1.033,398794,4607093,Bola,
La Roca dels Polls,s/n,673,402201,4603438,Boirafua,
La Saca Gran,40-41,1.057,398558,4607095,Saques,Agulles
La Salamandra,214,1.158,400552,4606290,Montgròs,Sant Jeroni
La Talaia Gran,304,1.146,400757,4606570,Sant Jeroni,Sant Jeroni
La Talaia Petita,306,1.126,400768,4606605,Sant Jeroni,Sant Jeroni
La Talaieta d’en Barbé,308,1.086,400792,4606695,Sant Jeroni,Sant Jeroni
La Tisora,3,798,398549,4605938,Els Pallers,Agulles
La Tisoreta,s/n,786,398547,4605909,Els Pallers,Agulles
La Tonsura,s/n,759,399280,4605765,Roca Roja,Ecos
La Torta o la Mà,65,1.098,398928,4607243,Bola,
La Tretze,13,875,398419,4606540,Els Pallers,Agulles
La Triple – Cota 430,430,1.011,401888,4604892,La Plantació,Magdalenes
La Triple – Cota 431,431,1.016,401882,4604883,La Plantació,Magdalenes
La Triple – Cota 432,432,1.001,401864,4604865,La Plantació,Magdalenes
La Tri-Roca,62-63-64,1.084,398897,4607221,Bola,
La Trona – Dau del Monestir,586,563,403699,4605440,Mullapans,Sant Salvador
La Trumfa,528,1.024,402588,46054546,Monestir o sant Benet,
la Vella,233,1.072,399986,4606593,Comes,Ecos
La Vespa,78,1.008,398708,4607054,Saques,Agulles
La Vicepresidenta,s/n,876,401822,4604589,La Plantació,Magdalenes
La Vomitada,s/n,584,403430,4604993,Santa Cova,Magdalenes
La Xirimoia,s/n,1.038,402542,4605461,Monestir o sant Benet,
L’Aglà,31,939,398598,4606896,Saques,Agulles
L’Agulla dels Caporals,186,1.030,399593,4606989,Frares,Frares Encantats
l’Agulla Fina dels Naps de Baix,s/n,835,399539,4605898,Naps,Ecos
L’Albarda Castellana,334 – 333,1.177,401133,4606147,Albarda,Sant Jeroni
L’Alfil,205a,1.107,400619,4606556,Ecos,Sant Jeroni
L’Alfil dret,206a,1.082,400645,4606669,Ecos,Sant Jeroni
l’Amagada,127,1.044,399085,4607036,Centenar,Frares Encantats
L’Anec,121,1.063,399080,4607239,Centenar,Frares Encantats
l’Asiàtica,185,1.105,399433,4607238,Frares,Frares Encantats
L’Eco Superior,201,1.225,400562,4606605,Ecos,Sant Jeroni
L’Elefant,502,1.053,402496,4605537,Monestir o sant Benet,
L’Elefant Petit o Agulla de les Tramperes,130,1.083,399190,4607162,Centenar,Frares Encantats
L’Enclusa d’Agulles,71,780,398913,4607663,Bola,
L’Enclusa dels Frares o el Bacallà,156,1.110,399540,4607082,Frares,Frares Encantats
L’Enganxada,225,1.180,400248,4606756,Comes,Ecos
Les Dues Puntes – Nord,54,1.071,398841,4607226,Bola,
Les Dues Puntes – Sud,54,1.072,398834,4607206,Bola,
Les Gepes del Camell,315-316,1.092,400878,4605987,Sant Jeroni,Sant Jeroni
Les Savines – SaViña Inferior,22,972,398433,4606888,Saques,Agulles
Les Savines – SaViña superior,21,949,398433,4606900,Saques,Agulles
L’Escorpí,66,1.072,398964,4607278,Bola,
L’Escut – Miranda de la Nina,111,1.060,399277,4607175,Centenar,Frares Encantats
L’Esfinx del Montgròs,248,1.111,400355,4606084,Montgròs,Sant Jeroni
l’Esfinx dels Ecos,227,1.169,400251,4606597,Comes,Ecos
Llastra Punxeguda,s/n,862,398407,4606492,Els Pallers,Agulles
L’Oblidada,473,815,401671,4604620,La Plantació,Magdalenes
L’Ou de Colom,93,1.047,398883,4607110,Bola,
L’Ou de la Plantació,470,970,401957,4604713,La Plantació,Magdalenes
L’Ullall de les Magdalenes,404,1.143,402184,4604833,Les Gorres,Magdalenes
Merlet de sota l’Ermita de Sant Antoni,s/n,1.090,401752,4606128,Sant Antoni,Sant Jeroni
Merlet del Pla dels Ocells,s/n,1.003,402189,4605332,Monestir o sant Benet,
Mirador de la Miranda de les Boïgues,s/n,998,398551,4606965,Saques,Agulles
Mirador de la Plantació,s/n,1.014,402031,4604587,Les Gorres,Magdalenes
Mirador del Moro,330,1.200,401312,4606557,Serrat del Moro,
Miranda de Can Jorba,s/n,765,400151,4605152,Palomera,Sant Jeroni
Miranda de la Campana,s/n,980,401819,4605131,Bellavista,Magdalenes
Miranda de la Mamella,427,1.050,401942,4604900,La Plantació,Magdalenes
Miranda de la Portella,15,897,398382,4606575,Els Pallers,Agulles
Miranda de l’Arcada,s/n,801,398935,4606067,Mranda del Príncep,
Miranda de les Agulles,187,907,398767,4606504,Els Pallers,Agulles
Miranda de les Boïgues,30,1.002,398561,4606943,Saques,Agulles
Miranda de Sant Antoni,348,1.091,401794,4606104,Sant Antoni,Sant Jeroni
Miranda de Sant Benet,s/n,1.044,402348,4605339,Monestir o sant Benet,
Miranda de Sant Jeroni,301-302,1.236,400965,4606645,Sant Jeroni,Sant Jeroni
Miranda de Sant Miquel,482,779,403505,4604774,Santa Cova,Magdalenes
Miranda de Sant Pere,s/n,1.008,402127,4604435,Sant Pere,Magdalenes
Miranda de Santa Caterina,s/n,1.032,402098,4604487,Sant Pere,Magdalenes
Miranda de Santa Magdalena,403,1.125,402192,4604709,Les Gorres,Magdalenes
Miranda del Cabrit o del Cilindre,240,1.084,400124,4606372,Naps,Ecos
Miranda del Lloro o L’Escolanet,137,1.114,399400,4607297,Frares,Frares Encantats
Miranda del Príncep,163,992,399405,4606614,Mranda del Príncep,
Miranda del Rave,s/n,950,401776,4605132,Bellavista,Magdalenes
Miranda dels Aurons,224,1.188,400253,4606771,Comes,Ecos
Miranda dels Ecos,203,1.220,400501,4606541,Ecos,Sant Jeroni
Miranda dels Pollegons,s/n,930,401420,4605496,Bellavista,Magdalenes
Morral del Cavall,549,897,401939,4606180,Cavall Bernat,Sant Salvador
Nova creu dels Escolans,474 C,783,403479,4603749,Serrat dels Monjos,
Orella de Llebre (499A),499 A,619,404000,4603956,Serra Llarga,Magdalenes
Orella de Llebre (499B),499 B,612,404018,4603961,Serra Llarga,Magdalenes
Paller del Mal Any,4,795,398544,4605988,Els Pallers,Agulles
Paller del Mal Any,5,796,398547,4605971,Els Pallers,Agulles
Paller del Mal Any,6,794,398542,4606012,Els Pallers,Agulles
Paller del Mal Any,7,795,398522,4606050,Els Pallers,Agulles
Paret del Pont,s/n,778,401310,4604970,Pollegons,Magdalenes
Parets dels Diables,s/n,1.049,401726,4606244,Sant Antoni,Sant Jeroni
Pedestal del Martell,36,997,398579,4607043,Saques,Agulles
Plec de Llibre Inferior,s/n,995,400514,4605875,Montgròs,Sant Jeroni
Plec de Llibre Superior,221-222,1.041,400497,4605854,Montgròs,Sant Jeroni
Pont Natural,s/n,951,401150,4606888,Serrat del Moro,
Pont Natural de Collbató,s/n,600,402562,4603357,Boirafua,
Portella Petita,18,929,398395,4606785,Saques,Agulles
Processó dels Monjos – Cota 422,422,1.055,401970,4604887,La Plantació,Magdalenes
Processó dels Monos – Cota 421,421,1.054,401982,4604884,La Plantació,Magdalenes
Punta 167,167,981,399166,4606893,Centenar,Frares Encantats
Punta de la Desdentegada,s/n,780,398896,4605948,Mranda del Príncep,
Punta d’en Campanilles,116,1.043,399200,4607046,Centenar,Frares Encantats
Puntal de l’Albarda,342,1.105,401337,4605968,Albarda,Sant Jeroni
Punxó de  la Pau i Justícia,s/n,831,401721,4604646,La Plantació,Magdalenes
Punxó del Tatet,s/n,883,402993,4604144,Sant Miquel,Magdalenes
Roc Gros,s/n,456,401955,4607137,Torrent Escuder,Sant Salvador
Roca 1 del Serrat del Patriarca,354,1.146,401569,4606362,Sant Antoni,Sant Jeroni
Roca 113,113,1.056,399216,4607085,Centenar,Frares Encantats
Roca 118 – El Gallífol,118,1.022,399183,4606972,Centenar,Frares Encantats
Roca 119 –  Miranda de l’Alba,119,1.035,399095,4606987,Centenar,Frares Encantats
Roca 129,129,1.078,399177,4607122,Centenar,Frares Encantats
Roca 133,133,924,399116,4606684,Mranda del Príncep,
Roca 134,134,925,399109,4606629,Mranda del Príncep,
Roca 135,135,952,399150,4606795,Centenar,Frares Encantats
Roca 142 – El Polze,142,1.005,399357,4607041,Frares,Frares Encantats
Roca 144 – Aina,144,1.066,399412,4607100,Frares,Frares Encantats
Roca 145 – Contrafort del Frare Gros,145,1.125,399476,4607187,Frares,Frares Encantats
Roca 151 – La Cristobalitat inferior,151,1.111,399497,4607130,Frares,Frares Encantats
Roca 152 – La Cristolbalita superior,152,1.112,399514,4607141,Frares,Frares Encantats
Roca 155,155,940,399161,4606820,Centenar,Frares Encantats
Roca 161,161,985,399450,4606702,Mranda del Príncep,
Roca 168,168,933,399118,4606731,Centenar,Frares Encantats
Roca 169,169,944,399142,4606750,Centenar,Frares Encantats
Roca 173,173,1.101,399478,4607126,Frares,Frares Encantats
Roca 174 – Agulla d’en Charly,174,1.043,399040,4606982,Centenar,Frares Encantats
Roca 180,180,953,399161,4606844,Centenar,Frares Encantats
Roca 181 – La Piràmide,181,1.023,399004,4606991,Centenar,Frares Encantats
Roca 182,182,1.082,399460,4607103,Frares,Frares Encantats
Roca 188,188,1.062,399395,4607197,Frares,Frares Encantats
Roca 191,191,826,398878,4606045,Mranda del Príncep,
Roca 193,193,1.072,399327,4607212,Frares,Frares Encantats
Roca 194 – Bastó del Frare,194,1.106,399461,4607194,Frares,Frares Encantats
Roca 2 del Serrat del Patriarca,352,1.140,401554,4606317,Sant Antoni,Sant Jeroni
Roca 211,211,1.160,400305,4606800,Comes,Ecos
Roca 226,226,1.167,400234,4606715,Comes,Ecos
Roca 228,228,1.127,400286,4606595,Comes,Ecos
Roca 229,229,1.107,400274,4606510,Comes,Ecos
Roca 232,232,1.120,400186,4606713,Comes,Ecos
Roca 272,272,902,399581,4606019,Naps,Ecos
Roca 273,273,930,399436,4606032,Roca Roja,Ecos
Roca 276,276,892,399391,4606063,Roca Roja,Ecos
Roca 277,277,876,399370,4606069,Roca Roja,Ecos
Roca 3 del Serrat del Patriarca,353,1.138,401562,4606303,Sant Antoni,Sant Jeroni
Roca 307 (Punta Solitud),307,1.085,400786,4606671,Sant Jeroni,Sant Jeroni
Roca 314,314,1.064,400719,4606534,Sant Jeroni,Sant Jeroni
Roca 324,324,1.194,401079,4606649,Serrat del Moro,
Roca 332,332,1.140,401387,4606409,Sant Antoni,Sant Jeroni
Roca 338 de la carena del Puntal de l’Albarda,338,1.100,401358,4606105,Albarda,Sant Jeroni
Roca 339 de la carena del Puntal de l’Albarda,339,1.101,401352,4606078,Albarda,Sant Jeroni
Roca 340 de la carena del Puntal de l’Albarda,340,1.103,401340,4606044,Albarda,Sant Jeroni
Roca 341 de la carena del Puntal de l’Albarda,341,1.099,401335,4606007,Albarda,Sant Jeroni
Roca 347,347,1.055,401504,4605932,Albarda,Sant Jeroni
Roca 349,349,1.110,401727,4606183,Sant Antoni,Sant Jeroni
Roca 357,357,1.122,401645,4606135,Sant Antoni,Sant Jeroni
Roca 364,364,1.195,401339,4606620,Serrat del Moro,
Roca 365,365,1.139,401326,4606689,Serrat del Moro,
Roca 366,366,1.134,401323,4606701,Serrat del Moro,
Roca 367,367,1.116,401294,4606723,Serrat del Moro,
Roca 368,368,1.088,401292,4606767,Serrat del Moro,
Roca 371,369,1.055,401306,4606897,Serrat del Moro,
Roca 372,370,1.015,401314,4606963,Serrat del Moro,
Roca 373,371,995,401315,4606938,Serrat del Moro,
Roca 374,374,1.212,400990,4606671,Serrat del Moro,
Roca 375,375,1.171,401028,4606741,Serrat del Moro,
Roca 376,376,1.145,401044,4606771,Serrat del Moro,
Roca 377,377,1.122,401065,4606814,Serrat del Moro,
Roca 384,384,902,401060,4605313,Vinya Nova,Magdalenes
Roca 385,385,1.095,401089,4606901,Serrat del Moro,
Roca 386,386,1.076,401093,4606923,Serrat del Moro,
Roca 387,387,1.077,401100,4606942,Serrat del Moro,
Roca 393,393,1.014,400721,4606478,Sant Jeroni,Sant Jeroni
Roca 4 del Serrat del Patriarca,358,1.140,401552,4606257,Sant Antoni,Sant Jeroni
Roca 5 del Serrat del Patriarca,355,1.131,401540,4606229,Sant Antoni,Sant Jeroni
Roca 77,77,971,398739,4607000,Bola,
Roca 86,86,1.047,398835,4607156,Bola,
Roca 87 (Miranda de les Bessones),87,1.001,398748,4607126,Bola,
Roca 92,92,1.045,398755,4607206,Bola,
Roca 95,95,1.036,398877,4607131,Bola,
Roca Alta de la Canal de Sant Miquel,498,916,403210,4604544,Sant Miquel,Magdalenes
Roca Cabalera,s/n,714,402184,4603519,Boirafua,
Roca Carles Roig,444,907,401511,4604999,Pollegons,Magdalenes
Roca de Coll de Port,189,1.004,399612,4607105,Frares,Frares Encantats
Roca de l’Arc de Guirló,s/n,785,397991,4606799,Sant Pau Vell,Agulles
Roca de la Cantelluda,477,903,401868,4604572,La Plantació,Magdalenes
Roca de la Cara de la Vella,532,1.060,402592,4605710,Flautats,Sant Salvador
Roca de la Castanyada,262,624,399341,4605301,Palomera,Sant Jeroni
Roca de la Confluència,327,947,401182,4606881,Serrat del Moro,
Roca de la Cova,496,635,403645,4604679,Santa Cova,Magdalenes
Roca de la Fabiola,382,897,401004,4605272,Vinya Nova,Magdalenes
Roca de la Filla Alta de la Presidenta,468,846,401788,4604588,La Plantació,Magdalenes
Roca de la Filla Baixa de la Presidenta,479,801,401740,4604594,La Plantació,Magdalenes
Roca de la Gorra Frígia,401,1.152,402147,4604921,Les Gorres,Magdalenes
Roca de la Grip,114,1.060,399231,4607083,Centenar,Frares Encantats
Roca de la Joguina,s/n,870,402638,4604311,Sant Joan,Magdalenes
Roca de la Magdalena Inferior,405,1.118,402297,4604816,Les Gorres,Magdalenes
Roca de la Magdalena Superior,432,1.151,402180,4604854,Les Gorres,Magdalenes
Roca de la Maranya,96,1.084,398914,4607256,Bola,
Roca de la Nit,s/n,244,403095,4606732,Torrent Escuder,Sant Salvador
Roca de la Palleta,462 C,788,401325,4604573,Pollegons,Magdalenes
Roca de la Paparra,s/n,1.056,402047,4605066,Bellavista,Magdalenes
Roca de la Paret de l’Aeri,378,1.120,401399,4606475,Sant Antoni,Sant Jeroni
Roca de la Partió,61,937,398757,4606822,Bola,
Roca de la Pitrada,394,1.033,400795,4606186,Sant Jeroni,Sant Jeroni
Roca de la Prenyada,512,1.112,402469,4605402,Monestir o sant Benet,
Roca de la Presidenta,478,887,401808,4604579,La Plantació,Magdalenes
Roca de la Santa Creu,s/n,906,403006,4605488,Monestir o sant Benet,
Roca de la Taula d’en Bernat,s/n,1.099,400213,4606514,Comes,Ecos
Roca de la Vorera,s/n,898,399505,4606268,Naps,Ecos
Roca de l’Alzina,s/n,865,399488,4606309,Naps,Ecos
Roca de l’Arboç,s/n,695,402229,4603479,Boirafua,
Roca de l’Arítjol,728,836,399551,4605758,Faraó,
Roca de l’Artiga Baixa,s/n,781,401639,4604347,Sant Pere,Magdalenes
Roca de l’Avortó,511,1.079,402432,4605449,Monestir o sant Benet,
Roca de l’Elefantet,583,906,402799,4605253,Monestir o sant Benet,
Roca de l’Era dels Pallers,12,788,398481,4606225,Els Pallers,Agulles
Roca de les aigues,s/n,454,403854,4605415,Mullapans,Sant Salvador
Roca de les Balmes,128,981,399162,4606882,Centenar,Frares Encantats
Roca de les Heures,44,1.011,398615,4607101,Saques,Agulles
Roca de les Lluernes,564,1.061,402356,4605589,Flautats,Sant Salvador
Roca de les Onze,351,1.138,401702,4606209,Sant Antoni,Sant Jeroni
Roca de les Vuit o Llastra del Dau,14,898,398364,4606558,Els Pallers,Agulles
Roca de l’Esperança,443,918,401534,4605015,Pollegons,Magdalenes
Roca de l’Esquerda,s/n,836,401721,4604494,La Plantació,Magdalenes
Roca de lo Palauet,s/n,862,398451,4606493,Els Pallers,Agulles
Roca de l’Urbain,666,981,402427,4605738,Flautats,Sant Salvador
Roca de Mitjarda,s/n,341,403353,4606208,Torrent Escuder,Sant Salvador
Roca de Nadal,110,1.071,399259,4607186,Centenar,Frares Encantats
Roca de Ponent,s/n,658,401246,4604756,Pollegons,Magdalenes
Roca de Sant Cugat,435,973,401877,4604740,La Plantació,Magdalenes
Roca de Sant Salvador,501,1.156,402471,4605557,Monestir o sant Benet,
Roca de sobre l’Agulla del Camí,542,1.013,402700,4605521,Monestir o sant Benet,
Roca de sobre l’estació superior del Funicular,s/n,1.034,402435,4604742,Les Gorres,Magdalenes
Roca de sota la cota 209,209a,1.168,400348,4606634,Ecos,Sant Jeroni
Roca del Bassal dels Ferros,s/n,1.056,400295,4606444,Comes,Ecos
Roca del Burro Fort (possible),s/n,585,402582,4603183,Boirafua,
Roca del Cap de Mort,350,1.103,401620,4606105,Sant Antoni,Sant Jeroni
Roca del Capvespre,s/n,320,403402,4606203,Torrent Escuder,Sant Salvador
Roca del Castellet,383,916,401034,4605293,Vinya Nova,Magdalenes
Roca del Cirerer,83,965,398647,4607035,Saques,Agulles
Roca del Coll de la Llum,313,1.056,400735,4606593,Sant Jeroni,Sant Jeroni
Roca del Corpus Christi,s/n,1.013,398913,4607285,Bola,
Roca del Divendres Sant,467,950,401763,4604856,La Plantació,Magdalenes
Roca del Dumbo,84,1.030,398902,4607068,Bola,
Roca del Frare Baix,s/n,605,401330,4603974,Sant Pere,Magdalenes
Roca del Moro Joan o el Fessolet inferior,503,1.109,402493,4605597,Flautats,Sant Salvador
Roca del Mur,265,788,400126,4605276,Palomera,Sant Jeroni
Roca del Ninot (Serrat del Duc),379,935,401555,4606581,Sant Antoni,Sant Jeroni
Roca del Pas,s/n,1.092,401080,4606866,Serrat del Moro,
Roca del Pas de la Drecera de Sant Joan,s/n,853,402372,4604042,Sant Joan,Magdalenes
Roca del Pas dels Francesos,582,855,402614,4605061,Monestir o sant Benet,
Roca del Pi,481A,855,401112,4605161,Vinya Nova,Magdalenes
Roca del Porró,469,940,401758,4604788,La Plantació,Magdalenes
Roca del Recontrapatufet,201a,1.223,400572,4606642,Ecos,Sant Jeroni
Roca del Rellotge,s/n,854,401749,4604507,La Plantació,Magdalenes
Roca del Serrat del Centenar,101,1.102,399236,4607249,Centenar,Frares Encantats
Roca del Tambor,s/n,643,399073,4605855,Roca Roja,Ecos
Roca del Tinter,467A,827,401487,4604550,Pollegons,Magdalenes
Roca del Truc,346,578,400921,4604684,Vinya Nova,Magdalenes
Roca dels Aurons,230,1.180,400258,4606828,Comes,Ecos
Roca dels Cartutxos,s/n,725,398533,4605796,Els Pallers,Agulles
Roca dels Cinc Passos,82,936,398663,4606948,Saques,Agulles
Roca dels Col·leccionistes,472-472A,912,401795,4604728,La Plantació,Magdalenes
Roca dels Corbs,585,627,403691,4605353,Mullapans,Sant Salvador
Roca dels Esperantistes,242,1.055,400039,4606363,Naps,Ecos
Roca dels Nuvis,241,1.046,400081,4606391,Naps,Ecos
Roca dels Puetons,81,948,398684,4606942,Saques,Agulles
Roca d’en Barberà,592,1.051,402430,4605372,Monestir o sant Benet,
Roca d’en Farrey,s/n,916,400476,4605661,Montgròs,Sant Jeroni
Roca d’en Guillot,231,1.090,400094,4606922,Comes,Ecos
Roca d’en Marcel,465,873,401745,4604432,Sant Pere,Magdalenes
Roca d’en Pujolet,s/n,688,402220,4603462,Boirafua,
Roca Dolça,s/n,965,398675,4606967,Saques,Agulles
Roca Fantasma,s/n,652,403254,4605727,Torrent Escuder,Sant Salvador
Roca Gran de la Portella,17,933,398402,4606685,Els Pallers,Agulles
Roca Gris,s/n,775,401282,4604881,Pollegons,Magdalenes
Roca Grossa,s/n,676,402156,4603467,Boirafua,
Roca inferior de l’Alzina,s/n,878,399503,4606292,Naps,Ecos
Roca Llisa,s/n,683,402155,4603464,Boirafua,
Roca Mala – I,480,882,401128,4605226,Vinya Nova,Magdalenes
Roca Mala – II,481,882,401113,4605205,Vinya Nova,Magdalenes
Roca Miraculosa,s/n,980,399852,4607094,Comes,Ecos
Roca Petita o inferior de Pas de Príncep,160,991,399440,4606725,Mranda del Príncep,
Roca Plana dels Llamps,247-216,1.164,400401,4606208,Montgròs,Sant Jeroni
Roca Roja,286,855,399411,4605862,Roca Roja,Ecos
Roca sota la Punta d’en Campanilles,s/n,1.027,399194,4607019,Centenar,Frares Encantats
Roca Tormes,481 B,849,401095,4605135,Vinya Nova,Magdalenes
Roca veïna del Cap del Guerrer,59,965,398772,4606920,Bola,
Roca veïna del Rave,440,920,401789,4605069,Bellavista,Magdalenes
Roques baixes del Forat del Vent – 578,578,921,402315,4605968,Cavall Bernat,Sant Salvador
Roques de la Nansa,561 i 593,991,402510,4605776,Flautats,Sant Salvador
Roques de les Tres Torres,484-485-486,669,403503,4604867,Santa Cova,Magdalenes
Roques de les Tres Torres – I,486,644,403509,4604900,Santa Cova,Magdalenes
Roques de les Tres Torres – II,485,646,403506,4604888,Santa Cova,Magdalenes
Roques de sota el Rellotge,s/n,833,401770,4604539,La Plantació,Magdalenes
Roques del Forat del Vent – 555,578,965,402288,4605921,Cavall Bernat,Sant Salvador
Roques del Forat del Vent – 556,556,1.032,402301,4605918,Cavall Bernat,Sant Salvador
Roques del Forat del Vent – 557,557,1.031,402250,4605807,Cavall Bernat,Sant Salvador
Roques del Forat del Vent – 573,573,1.057,402220,4605760,Cavall Bernat,Sant Salvador
Roques del Forat del Vent – 579,579,963,402262,4605918,Cavall Bernat,Sant Salvador
Roques del Plecs del Llibre,218,1.050,400461,4605877,Montgròs,Sant Jeroni
Roques del Plecs del Llibre,219,1.054,400441,4605897,Montgròs,Sant Jeroni
Roques del Plecs del Llibre,220,1.032,400482,4605859,Montgròs,Sant Jeroni
Roques del Plecs del Llibre,221,,,,Montgròs,Sant Jeroni
Roques del Plecs del Llibre,222,,,,Montgròs,Sant Jeroni
Roques del Salt de la Nina (208),208,1.196,400419,4606739,Ecos,Sant Jeroni
Roques del Salt de la Nina (209),209,1.186,400405,4606774,Ecos,Sant Jeroni
Roques del Triangle,s/n,884,402768,4604345,Sant Joan,Magdalenes
Roques del Triangle,s/n,855,402758,4604320,Sant Joan,Magdalenes
Roques dels Bugaders – II,s/n,896,400973,4605225,Vinya Nova,Magdalenes
Roques dels Bugaders  – I,s/n,905,400984,4605250,Vinya Nova,Magdalenes
Roques dels Escolans,474 C,783,403163,4603837,Serrat dels Monjos,
Roques dels Falcons – Cota 551,551,1.057,402152,4605803,Cavall Bernat,Sant Salvador
Roques dels Falcons – Cota 552,552,1.049,402142,4605835,Cavall Bernat,Sant Salvador
Roques dels Falcons – Cota 553,553,1.023,402143,4605852,Cavall Bernat,Sant Salvador
Roques sota el Rellotge,s/n,833,401736,4604533,La Plantació,Magdalenes
Salt de la Nina,210,1.191,400392,4606789,Ecos,Sant Jeroni
Sant Jeroni (cota 302),302,1.236,400950,4606646,Sant Jeroni,Sant Jeroni
Serra de les Lluernes – 544,545,1.040,401949,4605906,Cavall Bernat,Sant Salvador
Serra de les Lluernes – 545,545,1.055,401933,4605984,Cavall Bernat,Sant Salvador
Serra de les Lluernes – 546,546,1.053,401913,4605997,Cavall Bernat,Sant Salvador
Serra de les Lluernes – 547,547,1.055,401897,4606016,Cavall Bernat,Sant Salvador
Serra de les Lluernes – cota 547,547,1.030,401904,4606021,Cavall Bernat,Sant Salvador
Serra de les Lluernes -cota 544,544,1.032,401958,4605902,Cavall Bernat,Sant Salvador
Serra de les Lluernes -cota 545,545,1.045,401889,4605969,Cavall Bernat,Sant Salvador
Serra de les Lluernes -cota 546,546,1.039,401921,4605998,Cavall Bernat,Sant Salvador
Serra de les Lluernes -cota 576,576,1.004,401978,4605827,Cavall Bernat,Sant Salvador
Serrat de Bellavista 1,457,1.032,401826,4605467,Bellavista,Magdalenes
Serrat de Bellavista 2,458,1.024,401806,4605516,Bellavista,Magdalenes
Serrat de Bellavista 3,459,1.036,401767,4605552,Bellavista,Magdalenes
Serrat de Bellavista 4,460,1.035,401744,4605615,Bellavista,Magdalenes
Serrat de Bellavista 5,461,1.046,401711,4605680,Bellavista,Magdalenes
Serrat de Guirló,99,830,398021,4606954,Sant Pau Vell,Agulles
Serrat de la Guardia,s/n,649,401922,4603664,Boirafua,
Serrat de la Palomera,263-264,850,399972,4605332,Palomera,Sant Jeroni
Serrat de la Pastereta,s/n,780,401642,4604114,Sant Pere,Magdalenes
Serrat de les Barretines – 554,554,985,402149,4605936,Cavall Bernat,Sant Salvador
Serrat de les Barretines – 565,565,973,402153,4605954,Cavall Bernat,Sant Salvador
Serrat del Duc (roca 361),361,944,401542,4606575,Sant Antoni,Sant Jeroni
Serrat del Duc (roca 362),362,946,401533,4606543,Sant Antoni,Sant Jeroni
Serrat del Duc (roca 362),363-362-361,950,401533,4606565,Sant Antoni,Sant Jeroni
Serrat del Duc (roca 363),363,950,401530,4606544,Sant Antoni,Sant Jeroni
Serrat del Faraó,254-255-256,1.005,400100,4605936,Faraó,
Serrat del Penitent,s/n,875,402195,4604031,Sant Pere,Magdalenes
Serrat del Penitent,s/n,988,402084,4604353,Sant Pere,Magdalenes
Serrat dels Monjos,s/n,755,403625,4603566,Serrat dels Monjos,
Serrat d’en Muntaner,s/n,692,401463,4604222,Sant Pere,Magdalenes
Serrat d’en Patufet,212,1.189,400483,4606411,Ecos,Sant Jeroni
Serrat d’en Patufet,249,1.179,400460,4606371,Ecos,Sant Jeroni
Sostre del Castell del Diable o del Monestir,s/n,772,402924,4605230,Monestir o sant Benet,
Taca Blanca,s/n,626,402059,4603466,Boirafua,
Torre de Sant Miquel,483,752,403503,4604816,Santa Cova,Magdalenes
Tossal de Boirafua – Serrat de les Garrigoses,499 H,769,402834,4603349,Boirafua,
Trencabarrals,412,1.016,402271,4605051,Les Gorres,Magdalenes
Turó de Sant Dimes,523,920,403104,4605484,Monestir o sant Benet,
Turó de Sant Miquel,498,870,403364,4604483,Sant Miquel,Magdalenes
Turó del Montgròs,217,1.133,400424,4606053,Montgròs,Sant Jeroni
Veina a la dreta de la Salamandra,236,1.085,400595,4606270,Montgròs,Sant Jeroni
Veïna de la Roca Roja,s/n,853,399398,4605839,Roca Roja,Ecos
Veina de l’esquerra de la Salamandra,213,1.141,400538,4606310,Montgròs,Sant Jeroni
Veïna del Musclet (Formigues),s/n,873,399334,4605912,Roca Roja,Ecos
